img_name,command
20170526-201000-00_IMG_00001.jpg,1
20170526-201000-00_IMG_00002.jpg,1
20170526-201000-00_IMG_00003.jpg,1
20170526-201000-00_IMG_00004.jpg,1
20170526-201000-00_IMG_00005.jpg,1
20170526-201000-00_IMG_00006.jpg,1
20170526-201000-00_IMG_00007.jpg,1
20170526-201000-00_IMG_00008.jpg,1
20170526-201000-00_IMG_00009.jpg,1
20170526-201000-00_IMG_00010.jpg,1
20170526-201000-00_IMG_00011.jpg,1
20170526-201000-00_IMG_00012.jpg,1
20170526-201000-00_IMG_00013.jpg,1
20170526-201000-00_IMG_00014.jpg,1
20170526-201000-00_IMG_00015.jpg,1
20170526-201000-00_IMG_00016.jpg,1
20170526-201000-00_IMG_00017.jpg,1
20170526-201000-00_IMG_00018.jpg,1
20170526-201000-00_IMG_00019.jpg,1
20170526-201000-00_IMG_00020.jpg,1
20170526-201000-00_IMG_00021.jpg,1
20170526-201000-00_IMG_00022.jpg,1
20170526-201000-00_IMG_00023.jpg,1
20170526-201000-00_IMG_00024.jpg,1
20170526-201000-00_IMG_00025.jpg,1
20170526-201000-00_IMG_00026.jpg,1
20170526-201000-00_IMG_00027.jpg,1
20170526-201000-00_IMG_00028.jpg,1
20170526-201000-00_IMG_00029.jpg,1
20170526-201000-00_IMG_00030.jpg,1
20170526-201000-00_IMG_00031.jpg,1
20170526-201000-00_IMG_00032.jpg,1
20170526-201000-00_IMG_00033.jpg,1
20170526-201000-00_IMG_00034.jpg,1
20170526-201000-00_IMG_00035.jpg,1
20170526-201000-00_IMG_00036.jpg,1
20170526-201000-00_IMG_00037.jpg,1
20170526-201000-00_IMG_00038.jpg,1
20170526-201000-00_IMG_00039.jpg,1
20170526-201000-00_IMG_00040.jpg,1
20170526-201000-00_IMG_00041.jpg,1
20170526-201000-00_IMG_00042.jpg,1
20170526-201000-00_IMG_00043.jpg,1
20170526-201000-00_IMG_00044.jpg,1
20170526-201000-00_IMG_00045.jpg,1
20170526-201001-00_IMG_00046.jpg,1
20170526-201001-00_IMG_00047.jpg,1
20170526-201001-00_IMG_00048.jpg,1
20170526-201001-00_IMG_00049.jpg,1
20170526-201001-00_IMG_00050.jpg,1
20170526-201001-00_IMG_00051.jpg,1
20170526-201001-00_IMG_00052.jpg,1
20170526-201001-00_IMG_00053.jpg,1
20170526-201001-00_IMG_00054.jpg,1
20170526-201001-00_IMG_00055.jpg,1
20170526-201001-00_IMG_00056.jpg,1
20170526-201001-00_IMG_00057.jpg,1
20170526-201001-00_IMG_00058.jpg,1
20170526-201001-00_IMG_00059.jpg,1
20170526-201001-00_IMG_00060.jpg,1
20170526-201001-00_IMG_00061.jpg,1
20170526-201001-00_IMG_00062.jpg,1
20170526-201001-00_IMG_00063.jpg,1
20170526-201001-00_IMG_00064.jpg,1
20170526-201001-00_IMG_00065.jpg,1
20170526-201001-00_IMG_00066.jpg,1
20170526-201001-00_IMG_00067.jpg,1
20170526-201001-00_IMG_00068.jpg,1
20170526-201001-00_IMG_00069.jpg,1
20170526-201001-00_IMG_00070.jpg,1
20170526-201001-00_IMG_00071.jpg,1
20170526-201001-00_IMG_00072.jpg,1
20170526-201001-00_IMG_00073.jpg,1
20170526-201001-00_IMG_00074.jpg,1
20170526-201001-00_IMG_00075.jpg,1
20170526-201001-00_IMG_00076.jpg,1
20170526-201001-00_IMG_00077.jpg,1
20170526-201001-00_IMG_00078.jpg,1
20170526-201001-00_IMG_00079.jpg,1
20170526-201001-00_IMG_00080.jpg,1
20170526-201001-00_IMG_00081.jpg,1
20170526-201001-00_IMG_00082.jpg,1
20170526-201001-00_IMG_00083.jpg,1
20170526-201001-00_IMG_00084.jpg,1
20170526-201001-00_IMG_00085.jpg,1
20170526-201001-00_IMG_00086.jpg,1
20170526-201001-00_IMG_00087.jpg,1
20170526-201001-00_IMG_00088.jpg,1
20170526-201001-00_IMG_00089.jpg,1
20170526-201001-00_IMG_00090.jpg,1
20170526-201001-00_IMG_00091.jpg,1
20170526-201001-00_IMG_00092.jpg,1
20170526-201001-00_IMG_00093.jpg,1
20170526-201001-00_IMG_00094.jpg,1
20170526-201001-00_IMG_00095.jpg,1
20170526-201001-00_IMG_00096.jpg,1
20170526-201001-00_IMG_00097.jpg,1
20170526-201001-00_IMG_00098.jpg,1
20170526-201001-00_IMG_00099.jpg,1
20170526-201001-00_IMG_00100.jpg,1
20170526-201001-00_IMG_00101.jpg,1
20170526-201001-00_IMG_00102.jpg,1
20170526-201001-00_IMG_00103.jpg,1
20170526-201001-00_IMG_00104.jpg,1
20170526-201001-00_IMG_00105.jpg,1
20170526-201001-00_IMG_00106.jpg,1
20170526-201001-00_IMG_00107.jpg,1
20170526-201001-00_IMG_00108.jpg,1
20170526-201001-00_IMG_00109.jpg,1
20170526-201001-00_IMG_00110.jpg,1
20170526-201001-00_IMG_00111.jpg,1
20170526-201001-00_IMG_00112.jpg,1
20170526-201001-00_IMG_00113.jpg,1
20170526-201001-00_IMG_00114.jpg,1
20170526-201001-00_IMG_00115.jpg,1
20170526-201001-00_IMG_00116.jpg,1
20170526-201001-00_IMG_00117.jpg,1
20170526-201001-00_IMG_00118.jpg,1
20170526-201001-00_IMG_00119.jpg,1
20170526-201001-00_IMG_00120.jpg,1
20170526-201001-00_IMG_00121.jpg,1
20170526-201001-00_IMG_00122.jpg,1
20170526-201001-00_IMG_00123.jpg,1
20170526-201001-00_IMG_00124.jpg,1
20170526-201001-00_IMG_00125.jpg,1
20170526-201001-00_IMG_00126.jpg,1
20170526-201001-00_IMG_00127.jpg,1
20170526-201001-00_IMG_00128.jpg,1
20170526-201001-00_IMG_00129.jpg,1
20170526-201002-00_IMG_00130.jpg,1
20170526-201002-00_IMG_00131.jpg,1
20170526-201002-00_IMG_00132.jpg,1
20170526-201002-00_IMG_00133.jpg,1
20170526-201002-00_IMG_00134.jpg,1
20170526-201002-00_IMG_00135.jpg,1
20170526-201002-00_IMG_00136.jpg,1
20170526-201002-00_IMG_00137.jpg,1
20170526-201002-00_IMG_00138.jpg,1
20170526-201002-00_IMG_00139.jpg,1
20170526-201002-00_IMG_00140.jpg,1
20170526-201002-00_IMG_00141.jpg,1
20170526-201002-00_IMG_00142.jpg,1
20170526-201002-00_IMG_00143.jpg,1
20170526-201002-00_IMG_00144.jpg,1
20170526-201002-00_IMG_00145.jpg,1
20170526-201002-00_IMG_00146.jpg,1
20170526-201002-00_IMG_00147.jpg,1
20170526-201002-00_IMG_00148.jpg,1
20170526-201002-00_IMG_00149.jpg,1
20170526-201002-00_IMG_00150.jpg,1
20170526-201002-00_IMG_00151.jpg,1
20170526-201002-00_IMG_00152.jpg,1
20170526-201002-00_IMG_00153.jpg,1
20170526-201002-00_IMG_00154.jpg,1
20170526-201002-00_IMG_00155.jpg,1
20170526-201002-00_IMG_00156.jpg,1
20170526-201002-00_IMG_00157.jpg,1
20170526-201002-00_IMG_00158.jpg,1
20170526-201002-00_IMG_00159.jpg,1
20170526-201002-00_IMG_00160.jpg,1
20170526-201002-00_IMG_00161.jpg,1
20170526-201002-00_IMG_00162.jpg,1
20170526-201002-00_IMG_00163.jpg,1
20170526-201002-00_IMG_00164.jpg,1
20170526-201002-00_IMG_00165.jpg,1
20170526-201002-00_IMG_00166.jpg,1
20170526-201002-00_IMG_00167.jpg,1
20170526-201002-00_IMG_00168.jpg,1
20170526-201002-00_IMG_00169.jpg,1
20170526-201002-00_IMG_00170.jpg,1
20170526-201002-00_IMG_00171.jpg,1
20170526-201002-00_IMG_00172.jpg,1
20170526-201002-00_IMG_00173.jpg,1
20170526-201002-00_IMG_00174.jpg,1
20170526-201002-00_IMG_00175.jpg,1
20170526-201002-00_IMG_00176.jpg,1
20170526-201002-00_IMG_00177.jpg,1
20170526-201002-00_IMG_00178.jpg,1
20170526-201002-00_IMG_00179.jpg,1
20170526-201002-00_IMG_00180.jpg,1
20170526-201002-00_IMG_00181.jpg,1
20170526-201002-00_IMG_00182.jpg,1
20170526-201002-00_IMG_00183.jpg,1
20170526-201002-00_IMG_00184.jpg,1
20170526-201002-00_IMG_00185.jpg,1
20170526-201002-00_IMG_00186.jpg,1
20170526-201002-00_IMG_00187.jpg,1
20170526-201002-00_IMG_00188.jpg,1
20170526-201002-00_IMG_00189.jpg,1
20170526-201002-00_IMG_00190.jpg,1
20170526-201002-00_IMG_00191.jpg,1
20170526-201002-00_IMG_00192.jpg,1
20170526-201002-00_IMG_00193.jpg,1
20170526-201002-00_IMG_00194.jpg,1
20170526-201002-00_IMG_00195.jpg,1
20170526-201002-00_IMG_00196.jpg,1
20170526-201002-00_IMG_00197.jpg,1
20170526-201002-00_IMG_00198.jpg,1
20170526-201002-00_IMG_00199.jpg,1
20170526-201002-00_IMG_00200.jpg,1
20170526-201002-00_IMG_00201.jpg,1
20170526-201002-00_IMG_00202.jpg,1
20170526-201002-00_IMG_00203.jpg,1
20170526-201002-00_IMG_00204.jpg,1
20170526-201002-00_IMG_00205.jpg,1
20170526-201002-00_IMG_00206.jpg,1
20170526-201002-00_IMG_00207.jpg,1
20170526-201002-00_IMG_00208.jpg,1
20170526-201002-00_IMG_00209.jpg,1
20170526-201002-00_IMG_00210.jpg,1
20170526-201002-00_IMG_00212.jpg,1
20170526-201002-00_IMG_00213.jpg,1
20170526-201003-00_IMG_00214.jpg,1
20170526-201003-00_IMG_00215.jpg,1
20170526-201003-00_IMG_00216.jpg,1
20170526-201003-00_IMG_00217.jpg,1
20170526-201003-00_IMG_00218.jpg,1
20170526-201003-00_IMG_00219.jpg,1
20170526-201003-00_IMG_00220.jpg,1
20170526-201003-00_IMG_00221.jpg,1
20170526-201003-00_IMG_00222.jpg,1
20170526-201003-00_IMG_00223.jpg,1
20170526-201003-00_IMG_00224.jpg,1
20170526-201003-00_IMG_00225.jpg,1
20170526-201003-00_IMG_00226.jpg,1
20170526-201003-00_IMG_00227.jpg,1
20170526-201003-00_IMG_00228.jpg,1
20170526-201003-00_IMG_00229.jpg,1
20170526-201003-00_IMG_00230.jpg,1
20170526-201003-00_IMG_00231.jpg,1
20170526-201003-00_IMG_00232.jpg,1
20170526-201003-00_IMG_00233.jpg,1
20170526-201003-00_IMG_00234.jpg,1
20170526-201003-00_IMG_00235.jpg,1
20170526-201003-00_IMG_00236.jpg,1
20170526-201003-00_IMG_00237.jpg,1
20170526-201003-00_IMG_00238.jpg,1
20170526-201003-00_IMG_00239.jpg,1
20170526-201003-00_IMG_00240.jpg,1
20170526-201003-00_IMG_00241.jpg,1
20170526-201003-00_IMG_00242.jpg,1
20170526-201003-00_IMG_00243.jpg,1
20170526-201003-00_IMG_00244.jpg,1
20170526-201003-00_IMG_00245.jpg,1
20170526-201003-00_IMG_00246.jpg,1
20170526-201003-00_IMG_00247.jpg,1
20170526-201003-00_IMG_00248.jpg,1
20170526-201003-00_IMG_00249.jpg,1
20170526-201003-00_IMG_00250.jpg,1
20170526-201003-00_IMG_00251.jpg,1
20170526-201003-00_IMG_00252.jpg,1
20170526-201003-00_IMG_00253.jpg,1
20170526-201003-00_IMG_00254.jpg,1
20170526-201003-00_IMG_00255.jpg,1
20170526-201003-00_IMG_00256.jpg,1
20170526-201003-00_IMG_00257.jpg,1
20170526-201003-00_IMG_00258.jpg,1
20170526-201003-00_IMG_00259.jpg,1
20170526-201003-00_IMG_00260.jpg,1
20170526-201003-00_IMG_00261.jpg,1
20170526-201003-00_IMG_00262.jpg,1
20170526-201003-00_IMG_00263.jpg,1
20170526-201008-00_IMG_00001.jpg,1
20170526-201008-00_IMG_00002.jpg,1
20170526-201008-00_IMG_00003.jpg,1
20170526-201008-00_IMG_00004.jpg,1
20170526-201008-00_IMG_00005.jpg,1
20170526-201008-00_IMG_00006.jpg,1
20170526-201008-00_IMG_00007.jpg,1
20170526-201008-00_IMG_00008.jpg,1
20170526-201008-00_IMG_00009.jpg,1
20170526-201009-00_IMG_00010.jpg,1
20170526-201009-00_IMG_00011.jpg,1
20170526-201009-00_IMG_00012.jpg,1
20170526-201009-00_IMG_00013.jpg,1
20170526-201009-00_IMG_00014.jpg,1
20170526-201009-00_IMG_00015.jpg,1
20170526-201009-00_IMG_00016.jpg,1
20170526-201009-00_IMG_00017.jpg,1
20170526-201009-00_IMG_00018.jpg,1
20170526-201009-00_IMG_00019.jpg,1
20170526-201009-00_IMG_00020.jpg,1
20170526-201009-00_IMG_00021.jpg,1
20170526-201009-00_IMG_00022.jpg,1
20170526-201009-00_IMG_00023.jpg,1
20170526-201009-00_IMG_00024.jpg,1
20170526-201009-00_IMG_00025.jpg,1
20170526-201009-00_IMG_00026.jpg,1
20170526-201009-00_IMG_00027.jpg,1
20170526-201009-00_IMG_00028.jpg,1
20170526-201009-00_IMG_00029.jpg,1
20170526-201009-00_IMG_00030.jpg,1
20170526-201009-00_IMG_00031.jpg,1
20170526-201009-00_IMG_00032.jpg,1
20170526-201009-00_IMG_00033.jpg,1
20170526-201009-00_IMG_00034.jpg,1
20170526-201009-00_IMG_00035.jpg,1
20170526-201009-00_IMG_00036.jpg,1
20170526-201009-00_IMG_00037.jpg,1
20170526-201009-00_IMG_00038.jpg,1
20170526-201009-00_IMG_00039.jpg,1
20170526-201009-00_IMG_00040.jpg,1
20170526-201009-00_IMG_00041.jpg,1
20170526-201009-00_IMG_00042.jpg,1
20170526-201009-00_IMG_00043.jpg,1
20170526-201009-00_IMG_00044.jpg,1
20170526-201009-00_IMG_00045.jpg,1
20170526-201009-00_IMG_00046.jpg,1
20170526-201009-00_IMG_00047.jpg,1
20170526-201009-00_IMG_00048.jpg,1
20170526-201009-00_IMG_00049.jpg,1
20170526-201009-00_IMG_00050.jpg,1
20170526-201009-00_IMG_00051.jpg,1
20170526-201009-00_IMG_00052.jpg,1
20170526-201009-00_IMG_00053.jpg,1
20170526-201009-00_IMG_00054.jpg,1
20170526-201009-00_IMG_00055.jpg,1
20170526-201009-00_IMG_00056.jpg,1
20170526-201009-00_IMG_00057.jpg,1
20170526-201009-00_IMG_00058.jpg,1
20170526-201009-00_IMG_00059.jpg,1
20170526-201009-00_IMG_00060.jpg,1
20170526-201009-00_IMG_00061.jpg,1
20170526-201009-00_IMG_00062.jpg,1
20170526-201009-00_IMG_00063.jpg,1
20170526-201009-00_IMG_00064.jpg,1
20170526-201009-00_IMG_00065.jpg,1
20170526-201009-00_IMG_00066.jpg,1
20170526-201009-00_IMG_00067.jpg,1
20170526-201009-00_IMG_00068.jpg,1
20170526-201009-00_IMG_00069.jpg,1
20170526-201009-00_IMG_00070.jpg,1
20170526-201009-00_IMG_00071.jpg,1
20170526-201009-00_IMG_00072.jpg,1
20170526-201009-00_IMG_00073.jpg,1
20170526-201009-00_IMG_00074.jpg,1
20170526-201009-00_IMG_00075.jpg,1
20170526-201009-00_IMG_00076.jpg,1
20170526-201009-00_IMG_00077.jpg,1
20170526-201009-00_IMG_00078.jpg,1
20170526-201009-00_IMG_00079.jpg,1
20170526-201009-00_IMG_00080.jpg,1
20170526-201009-00_IMG_00081.jpg,1
20170526-201009-00_IMG_00082.jpg,1
20170526-201009-00_IMG_00083.jpg,1
20170526-201009-00_IMG_00084.jpg,1
20170526-201009-00_IMG_00085.jpg,1
20170526-201009-00_IMG_00086.jpg,1
20170526-201009-00_IMG_00087.jpg,1
20170526-201009-00_IMG_00088.jpg,1
20170526-201009-00_IMG_00089.jpg,1
20170526-201009-00_IMG_00090.jpg,1
20170526-201009-00_IMG_00091.jpg,1
20170526-201010-00_IMG_00092.jpg,1
20170526-201010-00_IMG_00093.jpg,1
20170526-201010-00_IMG_00094.jpg,1
20170526-201010-00_IMG_00095.jpg,1
20170526-201010-00_IMG_00096.jpg,1
20170526-201010-00_IMG_00097.jpg,1
20170526-201010-00_IMG_00098.jpg,1
20170526-201010-00_IMG_00099.jpg,1
20170526-201010-00_IMG_00100.jpg,1
20170526-201010-00_IMG_00101.jpg,1
20170526-201010-00_IMG_00102.jpg,1
20170526-201010-00_IMG_00103.jpg,1
20170526-201010-00_IMG_00104.jpg,1
20170526-201010-00_IMG_00105.jpg,1
20170526-201010-00_IMG_00106.jpg,1
20170526-201010-00_IMG_00107.jpg,1
20170526-201010-00_IMG_00108.jpg,1
20170526-201010-00_IMG_00109.jpg,1
20170526-201010-00_IMG_00110.jpg,1
20170526-201010-00_IMG_00111.jpg,1
20170526-201010-00_IMG_00112.jpg,1
20170526-201010-00_IMG_00113.jpg,1
20170526-201010-00_IMG_00114.jpg,1
20170526-201010-00_IMG_00115.jpg,1
20170526-201010-00_IMG_00116.jpg,1
20170526-201010-00_IMG_00117.jpg,1
20170526-201010-00_IMG_00118.jpg,1
20170526-201010-00_IMG_00119.jpg,1
20170526-201010-00_IMG_00120.jpg,1
20170526-201010-00_IMG_00121.jpg,1
20170526-201010-00_IMG_00122.jpg,1
20170526-201010-00_IMG_00123.jpg,1
20170526-201010-00_IMG_00124.jpg,1
20170526-201010-00_IMG_00125.jpg,1
20170526-201010-00_IMG_00126.jpg,1
20170526-201010-00_IMG_00128.jpg,1
20170526-201010-00_IMG_00129.jpg,1
20170526-201010-00_IMG_00130.jpg,1
20170526-201010-00_IMG_00131.jpg,1
20170526-201010-00_IMG_00132.jpg,1
20170526-201010-00_IMG_00133.jpg,1
20170526-201010-00_IMG_00134.jpg,1
20170526-201010-00_IMG_00135.jpg,1
20170526-201010-00_IMG_00136.jpg,1
20170526-201010-00_IMG_00137.jpg,1
20170526-201010-00_IMG_00138.jpg,1
20170526-201010-00_IMG_00139.jpg,1
20170526-201010-00_IMG_00140.jpg,1
20170526-201010-00_IMG_00141.jpg,1
20170526-201010-00_IMG_00142.jpg,1
20170526-201010-00_IMG_00143.jpg,1
20170526-201010-00_IMG_00144.jpg,1
20170526-201010-00_IMG_00145.jpg,1
20170526-201010-00_IMG_00146.jpg,1
20170526-201010-00_IMG_00147.jpg,1
20170526-201010-00_IMG_00148.jpg,1
20170526-201010-00_IMG_00149.jpg,1
20170526-201010-00_IMG_00150.jpg,1
20170526-201010-00_IMG_00151.jpg,1
20170526-201010-00_IMG_00152.jpg,1
20170526-201010-00_IMG_00153.jpg,1
20170526-201010-00_IMG_00154.jpg,1
20170526-201010-00_IMG_00155.jpg,1
20170526-201010-00_IMG_00156.jpg,1
20170526-201010-00_IMG_00157.jpg,1
20170526-201010-00_IMG_00158.jpg,1
20170526-201010-00_IMG_00159.jpg,1
20170526-201010-00_IMG_00160.jpg,1
20170526-201010-00_IMG_00161.jpg,1
20170526-201010-00_IMG_00162.jpg,1
20170526-201010-00_IMG_00163.jpg,1
20170526-201010-00_IMG_00164.jpg,1
20170526-201010-00_IMG_00165.jpg,1
20170526-201424-00_IMG_00001.jpg,2
20170526-201424-00_IMG_00002.jpg,2
20170526-201424-00_IMG_00003.jpg,2
20170526-201424-00_IMG_00004.jpg,2
20170526-201424-00_IMG_00005.jpg,2
20170526-201424-00_IMG_00006.jpg,2
20170526-201425-00_IMG_00007.jpg,2
20170526-201425-00_IMG_00008.jpg,2
20170526-201425-00_IMG_00009.jpg,2
20170526-201425-00_IMG_00010.jpg,2
20170526-201425-00_IMG_00011.jpg,2
20170526-201425-00_IMG_00012.jpg,2
20170526-201425-00_IMG_00013.jpg,2
20170526-201425-00_IMG_00014.jpg,2
20170526-201425-00_IMG_00015.jpg,2
20170526-201425-00_IMG_00016.jpg,2
20170526-201425-00_IMG_00017.jpg,2
20170526-201425-00_IMG_00018.jpg,2
20170526-201425-00_IMG_00019.jpg,2
20170526-201425-00_IMG_00020.jpg,2
20170526-201425-00_IMG_00021.jpg,2
20170526-201425-00_IMG_00022.jpg,2
20170526-201425-00_IMG_00023.jpg,2
20170526-201425-00_IMG_00024.jpg,2
20170526-201425-00_IMG_00025.jpg,2
20170526-201425-00_IMG_00026.jpg,2
20170526-201425-00_IMG_00027.jpg,2
20170526-201425-00_IMG_00028.jpg,2
20170526-201425-00_IMG_00029.jpg,2
20170526-201425-00_IMG_00030.jpg,2
20170526-201425-00_IMG_00031.jpg,2
20170526-201425-00_IMG_00032.jpg,2
20170526-201425-00_IMG_00033.jpg,2
20170526-201425-00_IMG_00034.jpg,2
20170526-201425-00_IMG_00035.jpg,2
20170526-201425-00_IMG_00036.jpg,2
20170526-201425-00_IMG_00037.jpg,2
20170526-201425-00_IMG_00038.jpg,2
20170526-201425-00_IMG_00039.jpg,2
20170526-201425-00_IMG_00040.jpg,2
20170526-201425-00_IMG_00041.jpg,2
20170526-201425-00_IMG_00042.jpg,2
20170526-201425-00_IMG_00043.jpg,2
20170526-201425-00_IMG_00044.jpg,2
20170526-201425-00_IMG_00045.jpg,2
20170526-201425-00_IMG_00046.jpg,2
20170526-201425-00_IMG_00047.jpg,2
20170526-201425-00_IMG_00048.jpg,2
20170526-201425-00_IMG_00049.jpg,2
20170526-201425-00_IMG_00050.jpg,2
20170526-201425-00_IMG_00051.jpg,2
20170526-201425-00_IMG_00052.jpg,2
20170526-201425-00_IMG_00053.jpg,2
20170526-201425-00_IMG_00054.jpg,2
20170526-201425-00_IMG_00055.jpg,2
20170526-201425-00_IMG_00056.jpg,2
20170526-201425-00_IMG_00057.jpg,2
20170526-201425-00_IMG_00058.jpg,2
20170526-201425-00_IMG_00059.jpg,2
20170526-201425-00_IMG_00060.jpg,2
20170526-201425-00_IMG_00061.jpg,2
20170526-201425-00_IMG_00062.jpg,2
20170526-201425-00_IMG_00063.jpg,2
20170526-201425-00_IMG_00064.jpg,2
20170526-201425-00_IMG_00065.jpg,2
20170526-201425-00_IMG_00066.jpg,2
20170526-201425-00_IMG_00067.jpg,2
20170526-201425-00_IMG_00068.jpg,2
20170526-201425-00_IMG_00069.jpg,2
20170526-201425-00_IMG_00070.jpg,2
20170526-201425-00_IMG_00071.jpg,2
20170526-201425-00_IMG_00072.jpg,2
20170526-201425-00_IMG_00073.jpg,2
20170526-201425-00_IMG_00074.jpg,2
20170526-201425-00_IMG_00075.jpg,2
20170526-201425-00_IMG_00076.jpg,2
20170526-201425-00_IMG_00077.jpg,2
20170526-201425-00_IMG_00078.jpg,2
20170526-201425-00_IMG_00079.jpg,2
20170526-201425-00_IMG_00080.jpg,2
20170526-201425-00_IMG_00081.jpg,2
20170526-201425-00_IMG_00082.jpg,2
20170526-201425-00_IMG_00083.jpg,2
20170526-201425-00_IMG_00084.jpg,2
20170526-201425-00_IMG_00085.jpg,2
20170526-201425-00_IMG_00086.jpg,2
20170526-201425-00_IMG_00087.jpg,2
20170526-201425-00_IMG_00088.jpg,2
20170526-201426-00_IMG_00089.jpg,2
20170526-201426-00_IMG_00090.jpg,2
20170526-201426-00_IMG_00091.jpg,2
20170526-201426-00_IMG_00092.jpg,2
20170526-201426-00_IMG_00093.jpg,2
20170526-201426-00_IMG_00094.jpg,2
20170526-201426-00_IMG_00095.jpg,2
20170526-201426-00_IMG_00096.jpg,2
20170526-201426-00_IMG_00097.jpg,2
20170526-201426-00_IMG_00098.jpg,2
20170526-201426-00_IMG_00099.jpg,2
20170526-201426-00_IMG_00100.jpg,2
20170526-201426-00_IMG_00101.jpg,2
20170526-201426-00_IMG_00102.jpg,2
20170526-201426-00_IMG_00103.jpg,2
20170526-201426-00_IMG_00104.jpg,2
20170526-201426-00_IMG_00105.jpg,2
20170526-201426-00_IMG_00106.jpg,2
20170526-201426-00_IMG_00107.jpg,2
20170526-201426-00_IMG_00108.jpg,2
20170526-201426-00_IMG_00109.jpg,2
20170526-201426-00_IMG_00110.jpg,2
20170526-201426-00_IMG_00111.jpg,2
20170526-201426-00_IMG_00112.jpg,2
20170526-201426-00_IMG_00113.jpg,2
20170526-201426-00_IMG_00114.jpg,2
20170526-201426-00_IMG_00115.jpg,2
20170526-201426-00_IMG_00116.jpg,2
20170526-201426-00_IMG_00117.jpg,2
20170526-201426-00_IMG_00118.jpg,2
20170526-201426-00_IMG_00119.jpg,2
20170526-201426-00_IMG_00120.jpg,2
20170526-201426-00_IMG_00121.jpg,2
20170526-201426-00_IMG_00122.jpg,2
20170526-201426-00_IMG_00123.jpg,2
20170526-201426-00_IMG_00124.jpg,2
20170526-201426-00_IMG_00125.jpg,2
20170526-201426-00_IMG_00126.jpg,2
20170526-201426-00_IMG_00127.jpg,2
20170526-201426-00_IMG_00128.jpg,2
20170526-201426-00_IMG_00129.jpg,2
20170526-201426-00_IMG_00130.jpg,2
20170526-201426-00_IMG_00131.jpg,2
20170526-201426-00_IMG_00132.jpg,2
20170526-201426-00_IMG_00133.jpg,2
20170526-201426-00_IMG_00134.jpg,2
20170526-201426-00_IMG_00135.jpg,2
20170526-201426-00_IMG_00136.jpg,2
20170526-201426-00_IMG_00137.jpg,2
20170526-201426-00_IMG_00138.jpg,2
20170526-201426-00_IMG_00139.jpg,2
20170526-201426-00_IMG_00140.jpg,2
20170526-201426-00_IMG_00141.jpg,2
20170526-201426-00_IMG_00142.jpg,2
20170526-201426-00_IMG_00143.jpg,2
20170526-201426-00_IMG_00144.jpg,2
20170526-201426-00_IMG_00145.jpg,2
20170526-201426-00_IMG_00146.jpg,2
20170526-201426-00_IMG_00147.jpg,2
20170526-201426-00_IMG_00148.jpg,2
20170526-201426-00_IMG_00149.jpg,2
20170526-201426-00_IMG_00150.jpg,2
20170526-201426-00_IMG_00151.jpg,2
20170526-201426-00_IMG_00152.jpg,2
20170526-201426-00_IMG_00153.jpg,2
20170526-201426-00_IMG_00154.jpg,2
20170526-201426-00_IMG_00155.jpg,2
20170526-201426-00_IMG_00156.jpg,2
20170526-201426-00_IMG_00157.jpg,2
20170526-201426-00_IMG_00158.jpg,2
20170526-201426-00_IMG_00159.jpg,2
20170526-201426-00_IMG_00160.jpg,2
20170526-201426-00_IMG_00161.jpg,2
20170526-201426-00_IMG_00162.jpg,2
20170526-201426-00_IMG_00163.jpg,2
20170526-201426-00_IMG_00164.jpg,2
20170526-201426-00_IMG_00165.jpg,2
20170526-201426-00_IMG_00166.jpg,2
20170526-201426-00_IMG_00167.jpg,2
20170526-201426-00_IMG_00168.jpg,2
20170526-201426-00_IMG_00169.jpg,2
20170526-201426-00_IMG_00171.jpg,2
20170526-201427-00_IMG_00172.jpg,2
20170526-201427-00_IMG_00173.jpg,2
20170526-201427-00_IMG_00175.jpg,2
20170526-201427-00_IMG_00176.jpg,2
20170526-201427-00_IMG_00177.jpg,2
20170526-201427-00_IMG_00178.jpg,2
20170526-201427-00_IMG_00179.jpg,2
20170526-201427-00_IMG_00180.jpg,2
20170526-201427-00_IMG_00181.jpg,2
20170526-201427-00_IMG_00182.jpg,2
20170526-201427-00_IMG_00183.jpg,2
20170526-201427-00_IMG_00184.jpg,2
20170526-201427-00_IMG_00185.jpg,2
20170526-201427-00_IMG_00186.jpg,2
20170526-201427-00_IMG_00187.jpg,2
20170526-201427-00_IMG_00188.jpg,2
20170526-201427-00_IMG_00189.jpg,2
20170526-201427-00_IMG_00190.jpg,2
20170526-201427-00_IMG_00191.jpg,2
20170526-201427-00_IMG_00192.jpg,2
20170526-201427-00_IMG_00193.jpg,2
20170526-201427-00_IMG_00194.jpg,2
20170526-201427-00_IMG_00195.jpg,2
20170526-201427-00_IMG_00196.jpg,2
20170526-201427-00_IMG_00197.jpg,2
20170526-201427-00_IMG_00198.jpg,2
20170526-201427-00_IMG_00199.jpg,2
20170526-201427-00_IMG_00200.jpg,2
20170526-201427-00_IMG_00201.jpg,2
20170526-201427-00_IMG_00202.jpg,2
20170526-201427-00_IMG_00203.jpg,2
20170526-201427-00_IMG_00204.jpg,2
20170526-201427-00_IMG_00205.jpg,2
20170526-201428-00_IMG_00001.jpg,2
20170526-201428-00_IMG_00002.jpg,2
20170526-201428-00_IMG_00003.jpg,2
20170526-201428-00_IMG_00004.jpg,2
20170526-201428-00_IMG_00005.jpg,2
20170526-201428-00_IMG_00006.jpg,2
20170526-201429-00_IMG_00007.jpg,2
20170526-201429-00_IMG_00008.jpg,2
20170526-201429-00_IMG_00009.jpg,2
20170526-201429-00_IMG_00010.jpg,2
20170526-201429-00_IMG_00011.jpg,2
20170526-201429-00_IMG_00012.jpg,2
20170526-201429-00_IMG_00014.jpg,2
20170526-201429-00_IMG_00015.jpg,2
20170526-201429-00_IMG_00016.jpg,2
20170526-201429-00_IMG_00017.jpg,2
20170526-201429-00_IMG_00018.jpg,2
20170526-201429-00_IMG_00019.jpg,2
20170526-201429-00_IMG_00020.jpg,2
20170526-201429-00_IMG_00021.jpg,2
20170526-201429-00_IMG_00022.jpg,2
20170526-201429-00_IMG_00023.jpg,2
20170526-201429-00_IMG_00024.jpg,2
20170526-201429-00_IMG_00025.jpg,2
20170526-201429-00_IMG_00026.jpg,2
20170526-201429-00_IMG_00027.jpg,2
20170526-201429-00_IMG_00028.jpg,2
20170526-201429-00_IMG_00029.jpg,2
20170526-201429-00_IMG_00030.jpg,2
20170526-201429-00_IMG_00031.jpg,2
20170526-201429-00_IMG_00032.jpg,2
20170526-201429-00_IMG_00033.jpg,2
20170526-201429-00_IMG_00034.jpg,2
20170526-201429-00_IMG_00035.jpg,2
20170526-201429-00_IMG_00036.jpg,2
20170526-201429-00_IMG_00037.jpg,2
20170526-201429-00_IMG_00038.jpg,2
20170526-201429-00_IMG_00039.jpg,2
20170526-201429-00_IMG_00040.jpg,2
20170526-201429-00_IMG_00041.jpg,2
20170526-201429-00_IMG_00042.jpg,2
20170526-201429-00_IMG_00043.jpg,2
20170526-201429-00_IMG_00044.jpg,2
20170526-201429-00_IMG_00045.jpg,2
20170526-201429-00_IMG_00046.jpg,2
20170526-201429-00_IMG_00047.jpg,2
20170526-201429-00_IMG_00048.jpg,2
20170526-201429-00_IMG_00049.jpg,2
20170526-201429-00_IMG_00050.jpg,2
20170526-201429-00_IMG_00051.jpg,2
20170526-201429-00_IMG_00052.jpg,2
20170526-201429-00_IMG_00053.jpg,2
20170526-201429-00_IMG_00054.jpg,2
20170526-201429-00_IMG_00055.jpg,2
20170526-201429-00_IMG_00056.jpg,2
20170526-201429-00_IMG_00057.jpg,2
20170526-201429-00_IMG_00058.jpg,2
20170526-201429-00_IMG_00059.jpg,2
20170526-201429-00_IMG_00060.jpg,2
20170526-201429-00_IMG_00061.jpg,2
20170526-201429-00_IMG_00062.jpg,2
20170526-201429-00_IMG_00063.jpg,2
20170526-201429-00_IMG_00064.jpg,2
20170526-201429-00_IMG_00065.jpg,2
20170526-201429-00_IMG_00066.jpg,2
20170526-201429-00_IMG_00067.jpg,2
20170526-201429-00_IMG_00068.jpg,2
20170526-201429-00_IMG_00069.jpg,2
20170526-201429-00_IMG_00070.jpg,2
20170526-201429-00_IMG_00071.jpg,2
20170526-201429-00_IMG_00072.jpg,2
20170526-201429-00_IMG_00073.jpg,2
20170526-201429-00_IMG_00074.jpg,2
20170526-201429-00_IMG_00075.jpg,2
20170526-201429-00_IMG_00076.jpg,2
20170526-201429-00_IMG_00077.jpg,2
20170526-201429-00_IMG_00078.jpg,2
20170526-201429-00_IMG_00079.jpg,2
20170526-201429-00_IMG_00080.jpg,2
20170526-201429-00_IMG_00081.jpg,2
20170526-201429-00_IMG_00082.jpg,2
20170526-201429-00_IMG_00083.jpg,2
20170526-201429-00_IMG_00084.jpg,2
20170526-201429-00_IMG_00085.jpg,2
20170526-201429-00_IMG_00086.jpg,2
20170526-201429-00_IMG_00087.jpg,2
20170526-201429-00_IMG_00088.jpg,2
20170526-201430-00_IMG_00089.jpg,2
20170526-201430-00_IMG_00090.jpg,2
20170526-201430-00_IMG_00091.jpg,2
20170526-201430-00_IMG_00092.jpg,2
20170526-201430-00_IMG_00093.jpg,2
20170526-201430-00_IMG_00094.jpg,2
20170526-201430-00_IMG_00095.jpg,2
20170526-201430-00_IMG_00096.jpg,2
20170526-201430-00_IMG_00097.jpg,2
20170526-201430-00_IMG_00098.jpg,2
20170526-201430-00_IMG_00100.jpg,2
20170526-201430-00_IMG_00101.jpg,2
20170526-201430-00_IMG_00102.jpg,2
20170526-201430-00_IMG_00103.jpg,2
20170526-201430-00_IMG_00104.jpg,2
20170526-201430-00_IMG_00105.jpg,2
20170526-201430-00_IMG_00106.jpg,2
20170526-201430-00_IMG_00107.jpg,2
20170526-201430-00_IMG_00108.jpg,2
20170526-201430-00_IMG_00109.jpg,2
20170526-201430-00_IMG_00110.jpg,2
20170526-201430-00_IMG_00111.jpg,2
20170526-201430-00_IMG_00112.jpg,2
20170526-201430-00_IMG_00113.jpg,2
20170526-201430-00_IMG_00114.jpg,2
20170526-201430-00_IMG_00115.jpg,2
20170526-201430-00_IMG_00116.jpg,2
20170526-201430-00_IMG_00117.jpg,2
20170526-201430-00_IMG_00118.jpg,2
20170526-201430-00_IMG_00119.jpg,2
20170526-201430-00_IMG_00120.jpg,2
20170526-201430-00_IMG_00121.jpg,2
20170526-201430-00_IMG_00122.jpg,2
20170526-201430-00_IMG_00123.jpg,2
20170526-201430-00_IMG_00124.jpg,2
20170526-201430-00_IMG_00125.jpg,2
20170526-201430-00_IMG_00126.jpg,2
20170526-201430-00_IMG_00127.jpg,2
20170526-201430-00_IMG_00128.jpg,2
20170526-201430-00_IMG_00129.jpg,2
20170526-201430-00_IMG_00130.jpg,2
20170526-201430-00_IMG_00131.jpg,2
20170526-201430-00_IMG_00132.jpg,2
20170526-201430-00_IMG_00133.jpg,2
20170526-201430-00_IMG_00134.jpg,2
20170526-201430-00_IMG_00135.jpg,2
20170526-201430-00_IMG_00136.jpg,2
20170526-201430-00_IMG_00137.jpg,2
20170526-201430-00_IMG_00138.jpg,2
20170526-201430-00_IMG_00139.jpg,2
20170526-201430-00_IMG_00140.jpg,2
20170526-201430-00_IMG_00141.jpg,2
20170526-201430-00_IMG_00142.jpg,2
20170526-201430-00_IMG_00143.jpg,2
20170526-201430-00_IMG_00144.jpg,2
20170526-201430-00_IMG_00145.jpg,2
20170526-201430-00_IMG_00146.jpg,2
20170526-201430-00_IMG_00147.jpg,2
20170526-201430-00_IMG_00148.jpg,2
20170526-201430-00_IMG_00149.jpg,2
20170526-201430-00_IMG_00150.jpg,2
20170526-201430-00_IMG_00151.jpg,2
20170526-201430-00_IMG_00152.jpg,2
20170526-201430-00_IMG_00153.jpg,2
20170526-201430-00_IMG_00154.jpg,2
20170526-201430-00_IMG_00155.jpg,2
20170526-201430-00_IMG_00156.jpg,2
20170526-201430-00_IMG_00157.jpg,2
20170526-201430-00_IMG_00158.jpg,2
20170526-201430-00_IMG_00159.jpg,2
20170526-201430-00_IMG_00160.jpg,2
20170526-201430-00_IMG_00161.jpg,2
20170526-201430-00_IMG_00162.jpg,2
20170526-201430-00_IMG_00163.jpg,2
20170526-201430-00_IMG_00164.jpg,2
20170526-201430-00_IMG_00165.jpg,2
20170526-201430-00_IMG_00166.jpg,2
20170526-201430-00_IMG_00167.jpg,2
20170526-201430-00_IMG_00168.jpg,2
20170526-201430-00_IMG_00169.jpg,2
20170526-201430-00_IMG_00170.jpg,2
20170526-201431-00_IMG_00171.jpg,2
20170526-201431-00_IMG_00172.jpg,2
20170526-201432-00_IMG_00001.jpg,2
20170526-201432-00_IMG_00002.jpg,2
20170526-201432-00_IMG_00003.jpg,2
20170526-201432-00_IMG_00004.jpg,2
20170526-201432-00_IMG_00005.jpg,2
20170526-201432-00_IMG_00006.jpg,2
20170526-201432-00_IMG_00007.jpg,2
20170526-201432-00_IMG_00008.jpg,2
20170526-201432-00_IMG_00009.jpg,2
20170526-201432-00_IMG_00010.jpg,2
20170526-201432-00_IMG_00011.jpg,2
20170526-201432-00_IMG_00012.jpg,2
20170526-201432-00_IMG_00013.jpg,2
20170526-201432-00_IMG_00014.jpg,2
20170526-201432-00_IMG_00015.jpg,2
20170526-201432-00_IMG_00016.jpg,2
20170526-201432-00_IMG_00017.jpg,2
20170526-201432-00_IMG_00018.jpg,2
20170526-201432-00_IMG_00019.jpg,2
20170526-201432-00_IMG_00020.jpg,2
20170526-201432-00_IMG_00021.jpg,2
20170526-201432-00_IMG_00022.jpg,2
20170526-201432-00_IMG_00023.jpg,0
20170526-201432-00_IMG_00024.jpg,2
20170526-201432-00_IMG_00025.jpg,2
20170526-201432-00_IMG_00026.jpg,2
20170526-201432-00_IMG_00027.jpg,2
20170526-201432-00_IMG_00028.jpg,2
20170526-201432-00_IMG_00029.jpg,2
20170526-201432-00_IMG_00030.jpg,2
20170526-201432-00_IMG_00031.jpg,2
20170526-201432-00_IMG_00032.jpg,2
20170526-201432-00_IMG_00033.jpg,2
20170526-201432-00_IMG_00034.jpg,2
20170526-201432-00_IMG_00036.jpg,2
20170526-201432-00_IMG_00037.jpg,2
20170526-201432-00_IMG_00038.jpg,2
20170526-201432-00_IMG_00039.jpg,2
20170526-201432-00_IMG_00040.jpg,2
20170526-201432-00_IMG_00041.jpg,2
20170526-201432-00_IMG_00042.jpg,2
20170526-201432-00_IMG_00043.jpg,2
20170526-201432-00_IMG_00044.jpg,2
20170526-201432-00_IMG_00045.jpg,2
20170526-201432-00_IMG_00046.jpg,2
20170526-201432-00_IMG_00047.jpg,2
20170526-201432-00_IMG_00048.jpg,2
20170526-201432-00_IMG_00049.jpg,2
20170526-201432-00_IMG_00050.jpg,2
20170526-201432-00_IMG_00051.jpg,2
20170526-201432-00_IMG_00052.jpg,2
20170526-201432-00_IMG_00053.jpg,2
20170526-201432-00_IMG_00054.jpg,2
20170526-201432-00_IMG_00055.jpg,2
20170526-201432-00_IMG_00056.jpg,2
20170526-201432-00_IMG_00057.jpg,2
20170526-201432-00_IMG_00058.jpg,2
20170526-201432-00_IMG_00059.jpg,2
20170526-201432-00_IMG_00060.jpg,2
20170526-201432-00_IMG_00061.jpg,2
20170526-201432-00_IMG_00062.jpg,2
20170526-201432-00_IMG_00063.jpg,2
20170526-201432-00_IMG_00064.jpg,2
20170526-201432-00_IMG_00065.jpg,2
20170526-201432-00_IMG_00066.jpg,2
20170526-201432-00_IMG_00067.jpg,2
20170526-201432-00_IMG_00068.jpg,2
20170526-201432-00_IMG_00069.jpg,2
20170526-201433-00_IMG_00070.jpg,2
20170526-201433-00_IMG_00071.jpg,2
20170526-201433-00_IMG_00072.jpg,2
20170526-201433-00_IMG_00073.jpg,2
20170526-201433-00_IMG_00074.jpg,2
20170526-201433-00_IMG_00075.jpg,2
20170526-201433-00_IMG_00076.jpg,2
20170526-201433-00_IMG_00077.jpg,2
20170526-201433-00_IMG_00078.jpg,2
20170526-201433-00_IMG_00079.jpg,2
20170526-201433-00_IMG_00080.jpg,2
20170526-201433-00_IMG_00081.jpg,2
20170526-201433-00_IMG_00082.jpg,2
20170526-201433-00_IMG_00083.jpg,2
20170526-201433-00_IMG_00084.jpg,2
20170526-201433-00_IMG_00085.jpg,2
20170526-201433-00_IMG_00086.jpg,2
20170526-201433-00_IMG_00087.jpg,2
20170526-201433-00_IMG_00088.jpg,2
20170526-201433-00_IMG_00090.jpg,2
20170526-201433-00_IMG_00091.jpg,2
20170526-201433-00_IMG_00092.jpg,2
20170526-201433-00_IMG_00093.jpg,2
20170526-201433-00_IMG_00094.jpg,2
20170526-201433-00_IMG_00095.jpg,2
20170526-201433-00_IMG_00096.jpg,2
20170526-201433-00_IMG_00097.jpg,2
20170526-201433-00_IMG_00098.jpg,2
20170526-201433-00_IMG_00099.jpg,2
20170526-201433-00_IMG_00100.jpg,2
20170526-201433-00_IMG_00101.jpg,2
20170526-201433-00_IMG_00102.jpg,2
20170526-201433-00_IMG_00103.jpg,2
20170526-201433-00_IMG_00104.jpg,2
20170526-201433-00_IMG_00105.jpg,2
20170526-201433-00_IMG_00106.jpg,2
20170526-201433-00_IMG_00107.jpg,2
20170526-201433-00_IMG_00108.jpg,2
20170526-201433-00_IMG_00109.jpg,2
20170526-202014-00_IMG_00001.jpg,0
20170526-202014-00_IMG_00002.jpg,0
20170526-202014-00_IMG_00003.jpg,0
20170526-202014-00_IMG_00004.jpg,0
20170526-202014-00_IMG_00005.jpg,0
20170526-202014-00_IMG_00006.jpg,0
20170526-202014-00_IMG_00007.jpg,0
20170526-202014-00_IMG_00008.jpg,0
20170526-202014-00_IMG_00009.jpg,0
20170526-202014-00_IMG_00010.jpg,0
20170526-202014-00_IMG_00011.jpg,0
20170526-202014-00_IMG_00012.jpg,0
20170526-202014-00_IMG_00013.jpg,0
20170526-202014-00_IMG_00014.jpg,0
20170526-202014-00_IMG_00015.jpg,0
20170526-202014-00_IMG_00016.jpg,0
20170526-202014-00_IMG_00017.jpg,0
20170526-202014-00_IMG_00018.jpg,0
20170526-202014-00_IMG_00019.jpg,0
20170526-202014-00_IMG_00020.jpg,0
20170526-202014-00_IMG_00021.jpg,0
20170526-202014-00_IMG_00022.jpg,0
20170526-202014-00_IMG_00023.jpg,0
20170526-202014-00_IMG_00024.jpg,0
20170526-202014-00_IMG_00025.jpg,0
20170526-202014-00_IMG_00026.jpg,0
20170526-202014-00_IMG_00027.jpg,0
20170526-202014-00_IMG_00028.jpg,0
20170526-202014-00_IMG_00029.jpg,0
20170526-202014-00_IMG_00030.jpg,0
20170526-202014-00_IMG_00031.jpg,0
20170526-202014-00_IMG_00032.jpg,0
20170526-202014-00_IMG_00033.jpg,0
20170526-202014-00_IMG_00034.jpg,0
20170526-202014-00_IMG_00035.jpg,0
20170526-202014-00_IMG_00036.jpg,0
20170526-202014-00_IMG_00037.jpg,0
20170526-202014-00_IMG_00038.jpg,0
20170526-202014-00_IMG_00039.jpg,0
20170526-202014-00_IMG_00040.jpg,0
20170526-202014-00_IMG_00041.jpg,0
20170526-202014-00_IMG_00042.jpg,0
20170526-202014-00_IMG_00043.jpg,0
20170526-202014-00_IMG_00044.jpg,0
20170526-202014-00_IMG_00045.jpg,0
20170526-202014-00_IMG_00046.jpg,0
20170526-202014-00_IMG_00047.jpg,0
20170526-202014-00_IMG_00048.jpg,0
20170526-202014-00_IMG_00049.jpg,0
20170526-202014-00_IMG_00050.jpg,0
20170526-202014-00_IMG_00051.jpg,0
20170526-202014-00_IMG_00052.jpg,0
20170526-202014-00_IMG_00053.jpg,0
20170526-202014-00_IMG_00054.jpg,0
20170526-202014-00_IMG_00055.jpg,0
20170526-202014-00_IMG_00056.jpg,0
20170526-202014-00_IMG_00057.jpg,0
20170526-202014-00_IMG_00058.jpg,0
20170526-202014-00_IMG_00059.jpg,0
20170526-202014-00_IMG_00060.jpg,0
20170526-202014-00_IMG_00061.jpg,0
20170526-202014-00_IMG_00062.jpg,0
20170526-202015-00_IMG_00063.jpg,0
20170526-202015-00_IMG_00064.jpg,0
20170526-202015-00_IMG_00065.jpg,0
20170526-202015-00_IMG_00066.jpg,1
20170526-202015-00_IMG_00067.jpg,0
20170526-202015-00_IMG_00068.jpg,0
20170526-202015-00_IMG_00069.jpg,0
20170526-202015-00_IMG_00070.jpg,0
20170526-202015-00_IMG_00071.jpg,0
20170526-202015-00_IMG_00072.jpg,0
20170526-202015-00_IMG_00073.jpg,0
20170526-202015-00_IMG_00074.jpg,0
20170526-202015-00_IMG_00075.jpg,0
20170526-202015-00_IMG_00076.jpg,0
20170526-202017-00_IMG_00001.jpg,0
20170526-202017-00_IMG_00002.jpg,0
20170526-202017-00_IMG_00003.jpg,0
20170526-202017-00_IMG_00004.jpg,0
20170526-202017-00_IMG_00005.jpg,0
20170526-202017-00_IMG_00006.jpg,0
20170526-202017-00_IMG_00007.jpg,0
20170526-202017-00_IMG_00008.jpg,0
20170526-202017-00_IMG_00009.jpg,0
20170526-202017-00_IMG_00010.jpg,0
20170526-202017-00_IMG_00011.jpg,0
20170526-202017-00_IMG_00012.jpg,0
20170526-202017-00_IMG_00013.jpg,0
20170526-202017-00_IMG_00014.jpg,0
20170526-202017-00_IMG_00015.jpg,0
20170526-202017-00_IMG_00016.jpg,0
20170526-202017-00_IMG_00017.jpg,0
20170526-202017-00_IMG_00018.jpg,0
20170526-202017-00_IMG_00019.jpg,0
20170526-202017-00_IMG_00020.jpg,0
20170526-202017-00_IMG_00021.jpg,0
20170526-202017-00_IMG_00022.jpg,0
20170526-202017-00_IMG_00023.jpg,0
20170526-202017-00_IMG_00024.jpg,0
20170526-202017-00_IMG_00025.jpg,0
20170526-202017-00_IMG_00026.jpg,0
20170526-202017-00_IMG_00027.jpg,0
20170526-202017-00_IMG_00028.jpg,0
20170526-202017-00_IMG_00029.jpg,0
20170526-202017-00_IMG_00030.jpg,0
20170526-202017-00_IMG_00031.jpg,0
20170526-202017-00_IMG_00032.jpg,0
20170526-202017-00_IMG_00033.jpg,0
20170526-202017-00_IMG_00034.jpg,0
20170526-202017-00_IMG_00035.jpg,0
20170526-202017-00_IMG_00036.jpg,0
20170526-202017-00_IMG_00037.jpg,0
20170526-202017-00_IMG_00038.jpg,0
20170526-202017-00_IMG_00039.jpg,0
20170526-202017-00_IMG_00040.jpg,0
20170526-202017-00_IMG_00041.jpg,0
20170526-202017-00_IMG_00042.jpg,0
20170526-202017-00_IMG_00043.jpg,0
20170526-202017-00_IMG_00044.jpg,0
20170526-202017-00_IMG_00045.jpg,0
20170526-202017-00_IMG_00046.jpg,0
20170526-202017-00_IMG_00047.jpg,0
20170526-202017-00_IMG_00048.jpg,0
20170526-202017-00_IMG_00049.jpg,0
20170526-202017-00_IMG_00050.jpg,0
20170526-202017-00_IMG_00051.jpg,0
20170526-202017-00_IMG_00052.jpg,0
20170526-202017-00_IMG_00053.jpg,0
20170526-202017-00_IMG_00054.jpg,0
20170526-202017-00_IMG_00055.jpg,0
20170526-202017-00_IMG_00056.jpg,0
20170526-202017-00_IMG_00057.jpg,0
20170526-202017-00_IMG_00058.jpg,0
20170526-202017-00_IMG_00059.jpg,0
20170526-202017-00_IMG_00060.jpg,0
20170526-202017-00_IMG_00061.jpg,0
20170526-202017-00_IMG_00062.jpg,0
20170526-202017-00_IMG_00063.jpg,0
20170526-202017-00_IMG_00064.jpg,0
20170526-202017-00_IMG_00065.jpg,0
20170526-202018-00_IMG_00066.jpg,0
20170526-202018-00_IMG_00067.jpg,0
20170526-202018-00_IMG_00068.jpg,0
20170526-202018-00_IMG_00069.jpg,0
20170526-202018-00_IMG_00070.jpg,0
20170526-202018-00_IMG_00071.jpg,0
20170526-202018-00_IMG_00072.jpg,0
20170526-202018-00_IMG_00073.jpg,0
20170526-202018-00_IMG_00074.jpg,0
20170526-202018-00_IMG_00075.jpg,0
20170526-202018-00_IMG_00076.jpg,0
20170526-202018-00_IMG_00077.jpg,0
20170526-202018-00_IMG_00078.jpg,0
20170526-202018-00_IMG_00079.jpg,0
20170526-202018-00_IMG_00080.jpg,0
20170526-202018-00_IMG_00081.jpg,0
20170526-202018-00_IMG_00082.jpg,0
20170526-202018-00_IMG_00083.jpg,0
20170526-202018-00_IMG_00084.jpg,1
20170526-202018-00_IMG_00085.jpg,0
20170526-202018-00_IMG_00086.jpg,0
20170526-202018-00_IMG_00087.jpg,0
20170526-202018-00_IMG_00088.jpg,1
20170526-202018-00_IMG_00089.jpg,0
20170526-202018-00_IMG_00090.jpg,0
20170526-202018-00_IMG_00091.jpg,1
20170526-202018-00_IMG_00092.jpg,0
20170526-202018-00_IMG_00093.jpg,0
20170526-202019-00_IMG_00001.jpg,0
20170526-202019-00_IMG_00002.jpg,0
20170526-202019-00_IMG_00003.jpg,0
20170526-202019-00_IMG_00004.jpg,0
20170526-202019-00_IMG_00005.jpg,0
20170526-202019-00_IMG_00006.jpg,0
20170526-202019-00_IMG_00007.jpg,0
20170526-202019-00_IMG_00008.jpg,0
20170526-202019-00_IMG_00009.jpg,0
20170526-202019-00_IMG_00010.jpg,0
20170526-202019-00_IMG_00011.jpg,0
20170526-202019-00_IMG_00012.jpg,0
20170526-202019-00_IMG_00013.jpg,0
20170526-202019-00_IMG_00014.jpg,0
20170526-202019-00_IMG_00015.jpg,0
20170526-202019-00_IMG_00016.jpg,0
20170526-202019-00_IMG_00017.jpg,0
20170526-202019-00_IMG_00018.jpg,0
20170526-202019-00_IMG_00019.jpg,0
20170526-202019-00_IMG_00020.jpg,0
20170526-202020-00_IMG_00021.jpg,0
20170526-202020-00_IMG_00022.jpg,0
20170526-202020-00_IMG_00023.jpg,0
20170526-202020-00_IMG_00024.jpg,0
20170526-202020-00_IMG_00025.jpg,0
20170526-202020-00_IMG_00026.jpg,0
20170526-202020-00_IMG_00027.jpg,0
20170526-202020-00_IMG_00028.jpg,0
20170526-202020-00_IMG_00029.jpg,0
20170526-202020-00_IMG_00030.jpg,0
20170526-202020-00_IMG_00031.jpg,0
20170526-202020-00_IMG_00032.jpg,0
20170526-202020-00_IMG_00033.jpg,0
20170526-202020-00_IMG_00034.jpg,0
20170526-202020-00_IMG_00035.jpg,0
20170526-202020-00_IMG_00036.jpg,0
20170526-202020-00_IMG_00037.jpg,0
20170526-202020-00_IMG_00038.jpg,0
20170526-202020-00_IMG_00039.jpg,0
20170526-202020-00_IMG_00040.jpg,0
20170526-202020-00_IMG_00041.jpg,0
20170526-202020-00_IMG_00042.jpg,0
20170526-202020-00_IMG_00043.jpg,0
20170526-202020-00_IMG_00044.jpg,0
20170526-202020-00_IMG_00045.jpg,0
20170526-202020-00_IMG_00046.jpg,0
20170526-202020-00_IMG_00047.jpg,0
20170526-202020-00_IMG_00048.jpg,0
20170526-202020-00_IMG_00049.jpg,0
20170526-202020-00_IMG_00050.jpg,0
20170526-202020-00_IMG_00051.jpg,0
20170526-202020-00_IMG_00052.jpg,0
20170526-202020-00_IMG_00053.jpg,0
20170526-202020-00_IMG_00054.jpg,0
20170526-202020-00_IMG_00055.jpg,0
20170526-202020-00_IMG_00056.jpg,0
20170526-202020-00_IMG_00057.jpg,0
20170526-202020-00_IMG_00058.jpg,0
20170526-202020-00_IMG_00059.jpg,0
20170526-202020-00_IMG_00060.jpg,0
20170526-202020-00_IMG_00061.jpg,0
20170526-202020-00_IMG_00062.jpg,0
20170526-202020-00_IMG_00063.jpg,0
20170526-202020-00_IMG_00064.jpg,0
20170526-202020-00_IMG_00065.jpg,0
20170526-202020-00_IMG_00066.jpg,0
20170526-202020-00_IMG_00067.jpg,0
20170526-202020-00_IMG_00068.jpg,0
20170526-202020-00_IMG_00069.jpg,0
20170526-202020-00_IMG_00070.jpg,0
20170526-202020-00_IMG_00071.jpg,0
20170526-202020-00_IMG_00072.jpg,0
20170526-202020-00_IMG_00073.jpg,0
20170526-202020-00_IMG_00074.jpg,0
20170526-202020-00_IMG_00075.jpg,0
20170526-202020-00_IMG_00076.jpg,0
20170526-202020-00_IMG_00077.jpg,0
20170526-202020-00_IMG_00078.jpg,0
20170526-202020-00_IMG_00079.jpg,0
20170526-202020-00_IMG_00080.jpg,0
20170526-202020-00_IMG_00081.jpg,0
20170526-202020-00_IMG_00082.jpg,0
20170526-202020-00_IMG_00083.jpg,0
20170526-202020-00_IMG_00084.jpg,0
20170526-202020-00_IMG_00085.jpg,0
20170526-202020-00_IMG_00086.jpg,0
20170526-202020-00_IMG_00087.jpg,0
20170526-202020-00_IMG_00088.jpg,0
20170526-202020-00_IMG_00089.jpg,0
20170526-202020-00_IMG_00090.jpg,0
20170526-202020-00_IMG_00091.jpg,0
20170526-202020-00_IMG_00092.jpg,0
20170526-202020-00_IMG_00093.jpg,0
20170526-202020-00_IMG_00094.jpg,1
20170526-202020-00_IMG_00095.jpg,0
20170526-202020-00_IMG_00096.jpg,0
20170526-202020-00_IMG_00097.jpg,0
20170526-202020-00_IMG_00098.jpg,0
20170526-202020-00_IMG_00099.jpg,0
20170526-202020-00_IMG_00100.jpg,0
20170526-202020-00_IMG_00101.jpg,0
20170526-202020-00_IMG_00102.jpg,0
20170526-202020-00_IMG_00103.jpg,0
20170526-202020-00_IMG_00104.jpg,0
20170526-202021-00_IMG_00105.jpg,0
20170526-202021-00_IMG_00106.jpg,0
20170526-202021-00_IMG_00107.jpg,0
20170526-202021-00_IMG_00108.jpg,0
20170526-202021-00_IMG_00109.jpg,0
20170526-202021-00_IMG_00110.jpg,0
20170526-202021-00_IMG_00111.jpg,0
20170526-202021-00_IMG_00112.jpg,0
20170526-202021-00_IMG_00113.jpg,0
20170526-202021-00_IMG_00114.jpg,0
20170526-202021-00_IMG_00115.jpg,0
20170526-202021-00_IMG_00116.jpg,0
20170526-202021-00_IMG_00117.jpg,0
20170526-202021-00_IMG_00118.jpg,0
20170526-202021-00_IMG_00119.jpg,0
20170526-202021-00_IMG_00120.jpg,0
20170526-202021-00_IMG_00121.jpg,0
20170526-202021-00_IMG_00122.jpg,0
20170526-202021-00_IMG_00123.jpg,0
20170526-202021-00_IMG_00124.jpg,0
20170526-202021-00_IMG_00125.jpg,0
20170526-202021-00_IMG_00126.jpg,0
20170526-202021-00_IMG_00127.jpg,0
20170526-202021-00_IMG_00128.jpg,0
20170526-202021-00_IMG_00129.jpg,0
20170526-202021-00_IMG_00130.jpg,0
20170526-202021-00_IMG_00131.jpg,0
20170526-202021-00_IMG_00132.jpg,0
20170526-202021-00_IMG_00133.jpg,0
20170526-202021-00_IMG_00134.jpg,0
20170526-202021-00_IMG_00135.jpg,0
20170526-202021-00_IMG_00136.jpg,0
20170526-202021-00_IMG_00137.jpg,0
20170526-202021-00_IMG_00138.jpg,0
20170526-202021-00_IMG_00139.jpg,0
20170526-202021-00_IMG_00140.jpg,0
20170526-202021-00_IMG_00141.jpg,0
20170526-202021-00_IMG_00142.jpg,0
20170526-202021-00_IMG_00143.jpg,0
20170526-202021-00_IMG_00144.jpg,0
20170526-202021-00_IMG_00145.jpg,0
20170526-202021-00_IMG_00146.jpg,0
20170526-202021-00_IMG_00147.jpg,0
20170526-202021-00_IMG_00148.jpg,0
20170526-202021-00_IMG_00149.jpg,0
20170526-202021-00_IMG_00150.jpg,0
20170526-202021-00_IMG_00151.jpg,0
20170526-202021-00_IMG_00152.jpg,0
20170526-202021-00_IMG_00153.jpg,0
20170526-202021-00_IMG_00154.jpg,0
20170526-202021-00_IMG_00155.jpg,0
20170526-202021-00_IMG_00156.jpg,0
20170526-202021-00_IMG_00157.jpg,0
20170526-202021-00_IMG_00158.jpg,1
20170526-202021-00_IMG_00159.jpg,0
20170526-202021-00_IMG_00160.jpg,1
20170526-202021-00_IMG_00161.jpg,0
20170526-202021-00_IMG_00162.jpg,0
20170526-202021-00_IMG_00163.jpg,0
20170526-202021-00_IMG_00164.jpg,0
20170526-202021-00_IMG_00165.jpg,0
20170526-202021-00_IMG_00166.jpg,0
20170526-202021-00_IMG_00167.jpg,0
20170526-202021-00_IMG_00168.jpg,0
20170526-202023-00_IMG_00001.jpg,0
20170526-202023-00_IMG_00002.jpg,0
20170526-202023-00_IMG_00003.jpg,0
20170526-202023-00_IMG_00004.jpg,0
20170526-202023-00_IMG_00005.jpg,0
20170526-202024-00_IMG_00006.jpg,0
20170526-202024-00_IMG_00007.jpg,0
20170526-202024-00_IMG_00008.jpg,0
20170526-202024-00_IMG_00009.jpg,0
20170526-202024-00_IMG_00010.jpg,0
20170526-202024-00_IMG_00011.jpg,0
20170526-202024-00_IMG_00012.jpg,0
20170526-202024-00_IMG_00013.jpg,0
20170526-202024-00_IMG_00014.jpg,0
20170526-202024-00_IMG_00015.jpg,0
20170526-202024-00_IMG_00016.jpg,0
20170526-202024-00_IMG_00017.jpg,0
20170526-202024-00_IMG_00018.jpg,0
20170526-202024-00_IMG_00019.jpg,0
20170526-202024-00_IMG_00020.jpg,0
20170526-202024-00_IMG_00021.jpg,0
20170526-202024-00_IMG_00022.jpg,0
20170526-202024-00_IMG_00023.jpg,0
20170526-202024-00_IMG_00024.jpg,0
20170526-202024-00_IMG_00025.jpg,0
20170526-202024-00_IMG_00026.jpg,0
20170526-202024-00_IMG_00027.jpg,0
20170526-202024-00_IMG_00028.jpg,0
20170526-202024-00_IMG_00029.jpg,0
20170526-202024-00_IMG_00030.jpg,0
20170526-202024-00_IMG_00031.jpg,0
20170526-202024-00_IMG_00032.jpg,0
20170526-202024-00_IMG_00033.jpg,0
20170526-202024-00_IMG_00034.jpg,1
20170526-202024-00_IMG_00035.jpg,0
20170526-202024-00_IMG_00036.jpg,0
20170526-202024-00_IMG_00037.jpg,0
20170526-202024-00_IMG_00038.jpg,0
20170526-202024-00_IMG_00039.jpg,0
20170526-202024-00_IMG_00040.jpg,0
20170526-202024-00_IMG_00041.jpg,0
20170526-202024-00_IMG_00042.jpg,0
20170526-202024-00_IMG_00043.jpg,0
20170526-202024-00_IMG_00044.jpg,0
20170526-202024-00_IMG_00045.jpg,0
20170526-202024-00_IMG_00046.jpg,0
20170526-202024-00_IMG_00047.jpg,0
20170526-202024-00_IMG_00048.jpg,0
20170526-202024-00_IMG_00049.jpg,0
20170526-202024-00_IMG_00050.jpg,0
20170526-202024-00_IMG_00051.jpg,0
20170526-202026-00_IMG_00001.jpg,0
20170526-202026-00_IMG_00002.jpg,0
20170526-202026-00_IMG_00003.jpg,0
20170526-202026-00_IMG_00004.jpg,0
20170526-202026-00_IMG_00005.jpg,0
20170526-202026-00_IMG_00006.jpg,0
20170526-202026-00_IMG_00007.jpg,0
20170526-202026-00_IMG_00008.jpg,0
20170526-202026-00_IMG_00009.jpg,0
20170526-202026-00_IMG_00010.jpg,0
20170526-202026-00_IMG_00011.jpg,0
20170526-202026-00_IMG_00012.jpg,0
20170526-202026-00_IMG_00013.jpg,0
20170526-202026-00_IMG_00014.jpg,0
20170526-202026-00_IMG_00015.jpg,0
20170526-202026-00_IMG_00016.jpg,0
20170526-202026-00_IMG_00017.jpg,0
20170526-202026-00_IMG_00018.jpg,0
20170526-202026-00_IMG_00019.jpg,0
20170526-202026-00_IMG_00020.jpg,0
20170526-202026-00_IMG_00021.jpg,0
20170526-202026-00_IMG_00022.jpg,0
20170526-202026-00_IMG_00023.jpg,0
20170526-202026-00_IMG_00024.jpg,0
20170526-202026-00_IMG_00025.jpg,0
20170526-202026-00_IMG_00026.jpg,0
20170526-202026-00_IMG_00027.jpg,0
20170526-202026-00_IMG_00028.jpg,0
20170526-202026-00_IMG_00029.jpg,0
20170526-202026-00_IMG_00030.jpg,0
20170526-202026-00_IMG_00031.jpg,0
20170526-202026-00_IMG_00032.jpg,0
20170526-202026-00_IMG_00033.jpg,0
20170526-202026-00_IMG_00034.jpg,0
20170526-202026-00_IMG_00035.jpg,0
20170526-202026-00_IMG_00036.jpg,0
20170526-202026-00_IMG_00037.jpg,0
20170526-202026-00_IMG_00038.jpg,0
20170526-202026-00_IMG_00039.jpg,0
20170526-202026-00_IMG_00040.jpg,0
20170526-202026-00_IMG_00041.jpg,0
20170526-202026-00_IMG_00042.jpg,0
20170526-202026-00_IMG_00043.jpg,0
20170526-202026-00_IMG_00044.jpg,0
20170526-202027-00_IMG_00045.jpg,0
20170526-202027-00_IMG_00046.jpg,0
20170526-202027-00_IMG_00047.jpg,0
20170526-202027-00_IMG_00048.jpg,0
20170526-202027-00_IMG_00049.jpg,0
20170526-202027-00_IMG_00050.jpg,0
20170526-202027-00_IMG_00051.jpg,0
20170526-202027-00_IMG_00052.jpg,0
20170526-202027-00_IMG_00053.jpg,0
20170526-202027-00_IMG_00054.jpg,0
20170526-202027-00_IMG_00055.jpg,0
20170526-202027-00_IMG_00056.jpg,0
20170526-202027-00_IMG_00057.jpg,0
20170526-202027-00_IMG_00058.jpg,0
20170526-202027-00_IMG_00059.jpg,0
20170526-202027-00_IMG_00060.jpg,0
20170526-202027-00_IMG_00061.jpg,0
20170526-202027-00_IMG_00062.jpg,0
20170526-202027-00_IMG_00063.jpg,0
20170526-202027-00_IMG_00064.jpg,0
20170526-202027-00_IMG_00065.jpg,0
20170526-202027-00_IMG_00066.jpg,0
20170526-202027-00_IMG_00067.jpg,0
20170526-202027-00_IMG_00068.jpg,0
20170526-202027-00_IMG_00069.jpg,0
20170526-202027-00_IMG_00070.jpg,0
20170526-202027-00_IMG_00071.jpg,0
20170526-202027-00_IMG_00072.jpg,0
20170526-202027-00_IMG_00073.jpg,0
20170526-202027-00_IMG_00074.jpg,0
20170526-202027-00_IMG_00075.jpg,0
20170526-202027-00_IMG_00076.jpg,0
20170526-202027-00_IMG_00077.jpg,0
20170526-202027-00_IMG_00078.jpg,0
20170526-202027-00_IMG_00079.jpg,0
20170526-202027-00_IMG_00080.jpg,0
20170526-202027-00_IMG_00081.jpg,0
20170526-202027-00_IMG_00082.jpg,0
20170526-202027-00_IMG_00083.jpg,0
20170526-202027-00_IMG_00084.jpg,0
20170526-202027-00_IMG_00085.jpg,0
20170526-202027-00_IMG_00086.jpg,0
20170526-202027-00_IMG_00087.jpg,0
20170526-202027-00_IMG_00088.jpg,0
20170526-202027-00_IMG_00089.jpg,0
20170526-202027-00_IMG_00090.jpg,0
20170526-202027-00_IMG_00091.jpg,0
20170526-202027-00_IMG_00092.jpg,0
20170526-202027-00_IMG_00093.jpg,0
20170526-202027-00_IMG_00094.jpg,0
20170526-202027-00_IMG_00095.jpg,0
20170526-202027-00_IMG_00096.jpg,0
20170526-202027-00_IMG_00097.jpg,0
20170526-202027-00_IMG_00098.jpg,0
20170526-202027-00_IMG_00099.jpg,0
20170526-202027-00_IMG_00100.jpg,0
20170526-202027-00_IMG_00101.jpg,0
20170526-202027-00_IMG_00102.jpg,0
20170526-202027-00_IMG_00103.jpg,0
20170526-202027-00_IMG_00104.jpg,0
20170526-202027-00_IMG_00105.jpg,0
